Tournament,Winner,Season
Mercedes Championships,Tiger Woods (16),2000
Sony Open in Hawaii,Paul Azinger (12),2000
Bob Hope Chrysler Classic,Jesper Parnevik (3),2000
Phoenix Open,Tom Lehman (5),2000
AT&T Pebble Beach National Pro-Am,Tiger Woods (17),2000
Buick Invitational,Phil Mickelson (14),2000
Nissan Open,Kirk Triplett (1),2000
WGC-Andersen Consulting Match Play Championship,Darren Clarke (1),2000
Touchstone Energy Tucson Open,Jim Carter (1),2000
Doral-Ryder Open,Jim Furyk (5),2000
Honda Classic,Dudley Hart (2),2000
Bay Hill Invitational,Tiger Woods (18),2000
The Players Championship,Hal Sutton (12),2000
BellSouth Classic,Phil Mickelson (15),2000
Masters Tournament,Vijay Singh (9),2000
MCI Classic,Stewart Cink (2),2000
Greater Greensboro Chrysler Classic,Hal Sutton (13),2000
Shell Houston Open,Robert Allenby (1),2000
Compaq Classic of New Orleans,Carlos Franco (3),2000
GTE Byron Nelson Classic,Jesper Parnevik (4),2000
MasterCard Colonial,Phil Mickelson (16),2000
Memorial Tournament,Tiger Woods (19),2000
Kemper Insurance Open,Tom Scherrer (1),2000
Buick Classic,Dennis Paulson (1),2000
U.S. Open,Tiger Woods (20),2000
FedEx St. Jude Classic,Notah Begay III (3),2000
Canon Greater Hartford Open,Notah Begay III (4),2000
Advil Western Open,Robert Allenby (2),2000
Greater Milwaukee Open,Loren Roberts (7),2000
Open Championship,Tiger Woods (21),2000
B.C. Open,Brad Faxon (6),2000
John Deere Classic,Michael Clark II (1),2000
The International,Ernie Els (8),2000
Buick Open,Rocco Mediate (4),2000
PGA Championship,Tiger Woods (22),2000
WGC-NEC Invitational,Tiger Woods (23),2000
Reno–Tahoe Open,Scott Verplank (3),2000
Air Canada Championship,Rory Sabbatini (1),2000
Bell Canadian Open,Tiger Woods (24),2000
SEI Pennsylvania Classic,Chris DiMarco (1),2000
Westin Texas Open,Justin Leonard (5),2000
Buick Challenge,David Duval (12),2000
Michelob Championship at Kingsmill,David Toms (4),2000
Invensys Classic at Las Vegas,Billy Andrade (4),2000
Tampa Bay Classic,John Huston (6),2000
National Car Rental Golf Classic Disney,Duffy Waldorf (4),2000
The Tour Championship,Phil Mickelson (17),2000
Southern Farm Bureau Classic,Steve Lowery (2),2000
WGC-American Express Championship,Mike Weir (2),2000
WGC-Accenture Match Play Championship,Steve Stricker (3),2001
Mercedes Championships,Jim Furyk (6),2001
Touchstone Energy Tucson Open,Garrett Willis (1),2001
Sony Open in Hawaii,Brad Faxon (7),2001
Phoenix Open,Mark Calcavecchia (11),2001
AT&T Pebble Beach National Pro-Am,Davis Love III (14),2001
Buick Invitational,Phil Mickelson (18),2001
Bob Hope Chrysler Classic,Joe Durant (2),2001
Nissan Open,Robert Allenby (3),2001
Genuity Championship,Joe Durant (3),2001
Honda Classic,Jesper Parnevik (5),2001
Bay Hill Invitational,Tiger Woods (25),2001
The Players Championship,Tiger Woods (26),2001
BellSouth Classic,Scott McCarron (3),2001
Masters Tournament,Tiger Woods (27),2001
WorldCom Classic - The Heritage of Golf,José Cóceres (1),2001
Shell Houston Open,Hal Sutton (14),2001
Greater Greensboro Chrysler Classic,Scott Hoch (9),2001
Compaq Classic of New Orleans,David Toms (5),2001
Verizon Byron Nelson Classic,Robert Damron (1),2001
MasterCard Colonial,Sergio García (1),2001
Kemper Insurance Open,Frank Lickliter (1),2001
Memorial Tournament,Tiger Woods (28),2001
FedEx St. Jude Classic,Bob Estes (2),2001
U.S. Open,Retief Goosen (1),2001
Buick Classic,Sergio García (2),2001
Canon Greater Hartford Open,Phil Mickelson (19),2001
Advil Western Open,Scott Hoch (10),2001
Greater Milwaukee Open,Shigeki Maruyama (1),2001
The Open Championship,David Duval (13),2001
B.C. Open,Jeff Sluman (5),2001
John Deere Classic,David Gossett (1),2001
The International,Tom Pernice Jr. (2),2001
Buick Open,Kenny Perry (4),2001
PGA Championship,David Toms (6),2001
WGC-NEC Invitational,Tiger Woods (29),2001
Reno–Tahoe Open,John Cook (11),2001
Air Canada Championship,Joel Edwards (1),2001
Bell Canadian Open,Scott Verplank (4),2001
WGC-American Express Championship,Canceled,2001
Tampa Bay Classic,Canceled,2001
Marconi Pennsylvania Classic,Robert Allenby (4),2001
Texas Open,Justin Leonard (6),2001
Michelob Championship at Kingsmill,David Toms (7),2001
Invensys Classic at Las Vegas,Bob Estes (3),2001
National Car Rental Golf Classic Disney,José Cóceres (2),2001
Buick Challenge,Chris DiMarco (2),2001
The Tour Championship,Mike Weir (3),2001
Southern Farm Bureau Classic,Cameron Beckman (1),2001
Mercedes Championships,Sergio García (3),2002
Sony Open in Hawaii,Jerry Kelly (1),2002
Bob Hope Chrysler Classic,Phil Mickelson (20),2002
Phoenix Open,Chris DiMarco (3),2002
AT&T Pebble Beach National Pro-Am,Matt Gogel (1),2002
Buick Invitational,José María Olazábal (6),2002
Nissan Open,Len Mattiace (1),2002
WGC-Accenture Match Play Championship,Kevin Sutherland (1),2002
Touchstone Energy Tucson Open,Ian Leggatt (1),2002
Genuity Championship,Ernie Els (9),2002
The Honda Classic,Matt Kuchar (1),2002
Bay Hill Invitational,Tiger Woods (30),2002
The Players Championship,Craig Perks (1),2002
Shell Houston Open,Vijay Singh (10),2002
BellSouth Classic,Retief Goosen (2),2002
Masters Tournament,Tiger Woods (31),2002
WorldCom Classic - The Heritage of Golf,Justin Leonard (7),2002
Greater Greensboro Chrysler Classic,Rocco Mediate (5),2002
Compaq Classic of New Orleans,K. J. Choi (1),2002
Verizon Byron Nelson Classic,Shigeki Maruyama (2),2002
MasterCard Colonial,Nick Price (18),2002
Memorial Tournament,Jim Furyk (7),2002
Kemper Insurance Open,Bob Estes (4),2002
Buick Classic,Chris Smith (1),2002
U.S. Open,Tiger Woods (32),2002
Canon Greater Hartford Open,Phil Mickelson (21),2002
FedEx St. Jude Classic,Len Mattiace (2),2002
Advil Western Open,Jerry Kelly (2),2002
Greater Milwaukee Open,Jeff Sluman (6),2002
The Open Championship,Ernie Els (10),2002
B.C. Open,Spike McRoy (1),2002
John Deere Classic,J. P. Hayes (2),2002
The International,Rich Beem (2),2002
Buick Open,Tiger Woods (33),2002
PGA Championship,Rich Beem (3),2002
WGC-NEC Invitational,Craig Parry (1),2002
Reno–Tahoe Open,Chris Riley (1),2002
Air Canada Championship,Gene Sauers (3),2002
Bell Canadian Open,John Rollins (1),2002
SEI Pennsylvania Classic,Dan Forsman (5),2002
WGC-American Express Championship,Tiger Woods (34),2002
Tampa Bay Classic,K. J. Choi (2),2002
Valero Texas Open,Loren Roberts (8),2002
Michelob Championship at Kingsmill,Charles Howell III (1),2002
Invensys Classic at Las Vegas,Phil Tataurangi (1),2002
Disney Golf Classic,Bob Burns (1),2002
Buick Challenge,Jonathan Byrd (1),2002
The Tour Championship,Vijay Singh (11),2002
Southern Farm Bureau Classic,Luke Donald (1),2002
Mercedes Championships,Ernie Els (11),2003
Sony Open in Hawaii,Ernie Els (12),2003
Phoenix Open,Vijay Singh (12),2003
Bob Hope Chrysler Classic,Mike Weir (4),2003
AT&T Pebble Beach National Pro-Am,Davis Love III (15),2003
Buick Invitational,Tiger Woods (35),2003
Nissan Open,Mike Weir (5),2003
WGC-Accenture Match Play Championship,Tiger Woods (36),2003
Chrysler Classic of Tucson,Frank Lickliter (2),2003
Ford Championship at Doral,Scott Hoch (11),2003
The Honda Classic,Justin Leonard (8),2003
Bay Hill Invitational,Tiger Woods (37),2003
The Players Championship,Davis Love III (16),2003
BellSouth Classic,Ben Crane (1),2003
Masters Tournament,Mike Weir (6),2003
MCI Heritage,Davis Love III (17),2003
Shell Houston Open,Fred Couples (15),2003
HP Classic of New Orleans,Steve Flesch (1),2003
Wachovia Championship,David Toms (8),2003
EDS Byron Nelson Championship,Vijay Singh (13),2003
Bank of America Colonial,Kenny Perry (5),2003
Memorial Tournament,Kenny Perry (6),2003
FBR Capital Open,Rory Sabbatini (2),2003
U.S. Open,Jim Furyk (8),2003
Buick Classic,Jonathan Kaye (1),2003
FedEx St. Jude Classic,David Toms (9),2003
Western Open,Tiger Woods (38),2003
Greater Milwaukee Open,Kenny Perry (7),2003
The Open Championship,Ben Curtis (1),2003
B.C. Open,Craig Stadler (13),2003
Greater Hartford Open,Peter Jacobsen (7),2003
Buick Open,Jim Furyk (9),2003
The International,Davis Love III (18),2003
PGA Championship,Shaun Micheel (1),2003
WGC-NEC Invitational,Darren Clarke (2),2003
Reno–Tahoe Open,Kirk Triplett (2),2003
Deutsche Bank Championship,Adam Scott (1),2003
Bell Canadian Open,Bob Tway (8),2003
John Deere Classic,Vijay Singh (14),2003
84 Lumber Classic of Pennsylvania,J. L. Lewis (2),2003
Valero Texas Open,Tommy Armour III (2),2003
Southern Farm Bureau Classic,John Huston (7),2003
WGC-American Express Championship,Tiger Woods (39),2003
Las Vegas Invitational,Stuart Appleby (4),2003
Chrysler Classic of Greensboro,Shigeki Maruyama (3),2003
Funai Classic at the Walt Disney World Resort,Vijay Singh (15),2003
Chrysler Championship,Retief Goosen (3),2003
The Tour Championship,Chad Campbell (1),2003
Mercedes Championships,Stuart Appleby (5),2004
Sony Open in Hawaii,Ernie Els (13),2004
Bob Hope Chrysler Classic,Phil Mickelson (22),2004
FBR Open,Jonathan Kaye (2),2004
AT&T Pebble Beach National Pro-Am,Vijay Singh (16),2004
Buick Invitational,John Daly (5),2004
Nissan Open,Mike Weir (7),2004
WGC-Accenture Match Play Championship,Tiger Woods (40),2004
Chrysler Classic of Tucson,Heath Slocum (1),2004
Ford Championship at Doral,Craig Parry (2),2004
The Honda Classic,Todd Hamilton (1),2004
Bay Hill Invitational,Chad Campbell (2),2004
The Players Championship,Adam Scott (2),2004
BellSouth Classic,Zach Johnson (1),2004
Masters Tournament,Phil Mickelson (23),2004
MCI Heritage,Stewart Cink (3),2004
Shell Houston Open,Vijay Singh (17),2004
HP Classic of New Orleans,Vijay Singh (18),2004
Wachovia Championship,Joey Sindelar (7),2004
EDS Byron Nelson Championship,Sergio García (4),2004
Bank of America Colonial,Steve Flesch (2),2004
FedEx St. Jude Classic,David Toms (10),2004
Memorial Tournament,Ernie Els (14),2004
Buick Classic,Sergio García (5),2004
U.S. Open,Retief Goosen (4),2004
Booz Allen Classic,Adam Scott (3),2004
Cialis Western Open,Stephen Ames (1),2004
John Deere Classic,Mark Hensby (1),2004
The Open Championship,Todd Hamilton (2),2004
B.C. Open,Jonathan Byrd (2),2004
U.S. Bank Championship in Milwaukee,Carlos Franco (4),2004
Buick Open,Vijay Singh (19),2004
The International,Rod Pampling (1),2004
PGA Championship,Vijay Singh (20),2004
WGC-NEC Invitational,Stewart Cink (4),2004
Reno–Tahoe Open,Vaughn Taylor (1),2004
Buick Championship,Woody Austin (2),2004
Deutsche Bank Championship,Vijay Singh (21),2004
Bell Canadian Open,Vijay Singh (22),2004
Valero Texas Open,Bart Bryant (1),2004
84 Lumber Classic,Vijay Singh (23),2004
WGC-American Express Championship,Ernie Els (15),2004
Southern Farm Bureau Classic,Fred Funk (6),2004
Michelin Championship at Las Vegas,Andre Stolz (1),2004
Chrysler Classic of Greensboro,Brent Geiberger (2),2004
Funai Classic at the Walt Disney World Resort,Ryan Palmer (1),2004
Chrysler Championship,Vijay Singh (24),2004
The Tour Championship,Retief Goosen (5),2004
Mercedes Championships,Stuart Appleby (6),2005
Sony Open in Hawaii,Vijay Singh (25),2005
Buick Invitational,Tiger Woods (41),2005
Bob Hope Chrysler Classic,Justin Leonard (9),2005
FBR Open,Phil Mickelson (24),2005
AT&T Pebble Beach National Pro-Am,Phil Mickelson (25),2005
Nissan Open,Adam Scott (n/a),2005
WGC-Accenture Match Play Championship,David Toms (11),2005
Chrysler Classic of Tucson,Geoff Ogilvy (1),2005
Ford Championship at Doral,Tiger Woods (42),2005
The Honda Classic,Pádraig Harrington (1),2005
Bay Hill Invitational,Kenny Perry (8),2005
The Players Championship,Fred Funk (7),2005
BellSouth Classic,Phil Mickelson (26),2005
Masters Tournament,Tiger Woods (43),2005
MCI Heritage,Peter Lonard (1),2005
Shell Houston Open,Vijay Singh (26),2005
Zurich Classic of New Orleans,Tim Petrovic (1),2005
Wachovia Championship,Vijay Singh (27),2005
EDS Byron Nelson Championship,Ted Purdy (1),2005
Bank of America Colonial,Kenny Perry (8),2005
FedEx St. Jude Classic,Justin Leonard (10),2005
Memorial Tournament,Bart Bryant (2),2005
Booz Allen Classic,Sergio García (6),2005
U.S. Open,Michael Campbell (1),2005
Barclays Classic,Pádraig Harrington (2),2005
Cialis Western Open,Jim Furyk (10),2005
John Deere Classic,Sean O'Hair (1),2005
The Open Championship,Tiger Woods (44),2005
B.C. Open,Jason Bohn (1),2005
U.S. Bank Championship in Milwaukee,Ben Crane (2),2005
Buick Open,Vijay Singh (28),2005
The International,Retief Goosen (6),2005
PGA Championship,Phil Mickelson (27),2005
WGC-NEC Invitational,Tiger Woods (45),2005
Reno–Tahoe Open,Vaughn Taylor (2),2005
Buick Championship,Brad Faxon (8),2005
Deutsche Bank Championship,Olin Browne (3),2005
Bell Canadian Open,Mark Calcavecchia (12),2005
84 Lumber Classic,Jason Gore (1),2005
Valero Texas Open,Robert Gamez (3),2005
Chrysler Classic of Greensboro,K. J. Choi (3),2005
WGC-American Express Championship,Tiger Woods (46),2005
Michelin Championship at Las Vegas,Wes Short Jr. (1),2005
Funai Classic at the Walt Disney World Resort,Lucas Glover (1),2005
Chrysler Championship,Carl Pettersson (1),2005
The Tour Championship,Bart Bryant (3),2005
Southern Farm Bureau Classic,Heath Slocum (2),2005
Mercedes Championships,Stuart Appleby (7),2006
Sony Open in Hawaii,David Toms (12),2006
Bob Hope Chrysler Classic,Chad Campbell (3),2006
Buick Invitational,Tiger Woods (47),2006
FBR Open,J. B. Holmes (1),2006
AT&T Pebble Beach National Pro-Am,Arron Oberholser (1),2006
Nissan Open,Rory Sabbatini (3),2006
WGC-Accenture Match Play Championship,Geoff Ogilvy (2),2006
Chrysler Classic of Tucson,Kirk Triplett (3),2006
Ford Championship at Doral,Tiger Woods (48),2006
The Honda Classic,Luke Donald (2),2006
Bay Hill Invitational,Rod Pampling (2),2006
The Players Championship,Stephen Ames (2),2006
BellSouth Classic,Phil Mickelson (28),2006
Masters Tournament,Phil Mickelson (29),2006
Verizon Heritage,Aaron Baddeley (1),2006
Shell Houston Open,Stuart Appleby (8),2006
Zurich Classic of New Orleans,Chris Couch (1),2006
Wachovia Championship,Jim Furyk (11),2006
EDS Byron Nelson Championship,Brett Wetterich (1),2006
Bank of America Colonial,Tim Herron (4),2006
FedEx St. Jude Classic,Jeff Maggert (3),2006
Memorial Tournament,Carl Pettersson (2),2006
Barclays Classic,Vijay Singh (29),2006
U.S. Open,Geoff Ogilvy (3),2006
Booz Allen Classic,Ben Curtis (2),2006
Buick Championship,J. J. Henry (1),2006
Cialis Western Open,Trevor Immelman (1),2006
John Deere Classic,John Senden (1),2006
The Open Championship,Tiger Woods (49),2006
B.C. Open,John Rollins (2),2006
U.S. Bank Championship in Milwaukee,Corey Pavin (15),2006
Buick Open,Tiger Woods (50),2006
The International,Dean Wilson (1),2006
PGA Championship,Tiger Woods (51),2006
WGC-Bridgestone Invitational,Tiger Woods (52),2006
Reno–Tahoe Open,Will MacKenzie (1),2006
Deutsche Bank Championship,Tiger Woods (53),2006
Canadian Open,Jim Furyk (12),2006
84 Lumber Classic,Ben Curtis (3),2006
Valero Texas Open,Eric Axley (1),2006
WGC-American Express Championship,Tiger Woods (54),2006
Southern Farm Bureau Classic,D. J. Trahan (1),2006
Chrysler Classic of Greensboro,Davis Love III (19),2006
Frys.com Open,Troy Matteson (1),2006
Funai Classic at the Walt Disney World Resort,Joe Durant (4),2006
Chrysler Championship,K. J. Choi (4),2006
The Tour Championship,Adam Scott (4),2006
Mercedes-Benz Championship,Vijay Singh (30),2007
Sony Open in Hawaii,Paul Goydos (2),2007
Bob Hope Chrysler Classic,Charley Hoffman (1),2007
Buick Invitational,Tiger Woods (55),2007
FBR Open,Aaron Baddeley (2),2007
AT&T Pebble Beach National Pro-Am,Phil Mickelson (30),2007
Nissan Open,Charles Howell III (2),2007
WGC-Accenture Match Play Championship,Henrik Stenson (1),2007
Mayakoba Golf Classic,Fred Funk (8),2007
The Honda Classic,Mark Wilson (1),2007
PODS Championship,Mark Calcavecchia (13),2007
Arnold Palmer Invitational,Vijay Singh (31),2007
WGC-CA Championship,Tiger Woods (56),2007
Shell Houston Open,Adam Scott (5),2007
Masters Tournament,Zach Johnson (2),2007
Verizon Heritage,Boo Weekley (1),2007
Zurich Classic of New Orleans,Nick Watney (1),2007
EDS Byron Nelson Championship,Scott Verplank (5),2007
Wachovia Championship,Tiger Woods (57),2007
The Players Championship,Phil Mickelson (31),2007
AT&T Classic,Zach Johnson (3),2007
Crowne Plaza Invitational at Colonial,Rory Sabbatini (4),2007
Memorial Tournament,K. J. Choi (5),2007
Stanford St. Jude Championship,Woody Austin (3),2007
U.S. Open,Ángel Cabrera (1),2007
Travelers Championship,Hunter Mahan (1),2007
Buick Open,Brian Bateman (1),2007
AT&T National,K. J. Choi (6),2007
John Deere Classic,Jonathan Byrd (3),2007
The Open Championship,Pádraig Harrington (3),2007
U.S. Bank Championship in Milwaukee,Joe Ogilvie (1),2007
Canadian Open,Jim Furyk (13),2007
WGC-Bridgestone Invitational,Tiger Woods (58),2007
Reno–Tahoe Open,Steve Flesch (3),2007
PGA Championship,Tiger Woods (59),2007
Wyndham Championship,Brandt Snedeker (1),2007
The Barclays,Steve Stricker (4),2007
Deutsche Bank Championship,Phil Mickelson (32),2007
BMW Championship,Tiger Woods (60),2007
The Tour Championship,Tiger Woods (61),2007
Turning Stone Resort Championship,Steve Flesch (4),2007
Viking Classic,Chad Campbell (4),2007
Valero Texas Open,Justin Leonard (11),2007
Frys.com Open,George McNeill (1),2007
Fry's Electronics Open,Mike Weir (8),2007
Ginn sur Mer Classic,Daniel Chopra (1),2007
Children's Miracle Network Classic,Stephen Ames (3),2007
Mercedes-Benz Championship,Daniel Chopra (2),2008
Sony Open in Hawaii,K. J. Choi (7),2008
Bob Hope Chrysler Classic,D. J. Trahan (2),2008
Buick Invitational,Tiger Woods (62),2008
FBR Open,J. B. Holmes (2),2008
AT&T Pebble Beach National Pro-Am,Steve Lowery (3),2008
Northern Trust Open,Phil Mickelson (33),2008
WGC-Accenture Match Play Championship,Tiger Woods (63),2008
Mayakoba Golf Classic,Brian Gay (1),2008
The Honda Classic,Ernie Els (16),2008
PODS Championship,Sean O'Hair (2),2008
Arnold Palmer Invitational,Tiger Woods (64),2008
WGC-CA Championship,Geoff Ogilvy (4),2008
Puerto Rico Open,Greg Kraft (1),2008
Zurich Classic of New Orleans,Andrés Romero (1),2008
Shell Houston Open,Johnson Wagner (1),2008
Masters Tournament,Trevor Immelman (2),2008
Verizon Heritage,Boo Weekley (2),2008
EDS Byron Nelson Championship,Adam Scott (6),2008
Wachovia Championship,Anthony Kim (1),2008
The Players Championship,Sergio García (7),2008
AT&T Classic,Ryuji Imada (1),2008
Crowne Plaza Invitational at Colonial,Phil Mickelson (34),2008
Memorial Tournament,Kenny Perry (10),2008
Stanford St. Jude Championship,Justin Leonard (12),2008
U.S. Open,Tiger Woods (65),2008
Travelers Championship,Stewart Cink (5),2008
Buick Open,Kenny Perry (11),2008
AT&T National,Anthony Kim (2),2008
John Deere Classic,Kenny Perry (12),2008
The Open Championship,Pádraig Harrington (4),2008
U.S. Bank Championship in Milwaukee,Richard S. Johnson (1),2008
RBC Canadian Open,Chez Reavie (1),2008
WGC-Bridgestone Invitational,Vijay Singh (32),2008
Legends Reno–Tahoe Open,Parker McLachlin (1),2008
PGA Championship,Pádraig Harrington (5),2008
Wyndham Championship,Carl Pettersson (3),2008
The Barclays,Vijay Singh (33),2008
Deutsche Bank Championship,Vijay Singh (34),2008
BMW Championship,Camilo Villegas (1),2008
Viking Classic,Will MacKenzie (2),2008
The Tour Championship,Camilo Villegas (2),2008
Turning Stone Resort Championship,Dustin Johnson (1),2008
Valero Texas Open,Zach Johnson (4),2008
Justin Timberlake Shriners Hospitals for Children Open,Marc Turnesa (1),2008
Frys.com Open,Cameron Beckman (2),2008
Ginn sur Mer Classic,Ryan Palmer (2),2008
Children's Miracle Network Classic,Davis Love III (20),2008
Mercedes-Benz Championship,Geoff Ogilvy (5),2009
Sony Open in Hawaii,Zach Johnson (5),2009
Bob Hope Classic,Pat Perez (1),2009
FBR Open,Kenny Perry (13),2009
Buick Invitational,Nick Watney (2),2009
AT&T Pebble Beach National Pro-Am,Dustin Johnson (2),2009
Northern Trust Open,Phil Mickelson (35),2009
WGC-Accenture Match Play Championship,Geoff Ogilvy (6),2009
Mayakoba Golf Classic,Mark Wilson (2),2009
The Honda Classic,Yang Yong-eun (1),2009
WGC-CA Championship,Phil Mickelson (36),2009
Puerto Rico Open,Michael Bradley (3),2009
Transitions Championship,Retief Goosen (7),2009
Arnold Palmer Invitational,Tiger Woods (66),2009
Shell Houston Open,Paul Casey (1),2009
Masters Tournament,Ángel Cabrera (2),2009
Verizon Heritage,Brian Gay (2),2009
Zurich Classic of New Orleans,Jerry Kelly (3),2009
Quail Hollow Championship,Sean O'Hair (3),2009
The Players Championship,Henrik Stenson (2),2009
Valero Texas Open,Zach Johnson (6),2009
HP Byron Nelson Championship,Rory Sabbatini (5),2009
Crowne Plaza Invitational at Colonial,Steve Stricker (5),2009
Memorial Tournament,Tiger Woods (67),2009
St. Jude Classic,Brian Gay (3),2009
U.S. Open,Lucas Glover (2),2009
Travelers Championship,Kenny Perry (14),2009
AT&T National,Tiger Woods (68),2009
John Deere Classic,Steve Stricker (6),2009
The Open Championship,Stewart Cink (6),2009
U.S. Bank Championship in Milwaukee,Bo Van Pelt (1),2009
RBC Canadian Open,Nathan Green (1),2009
Buick Open,Tiger Woods (69),2009
WGC-Bridgestone Invitational,Tiger Woods (70),2009
Legends Reno–Tahoe Open,John Rollins (3),2009
PGA Championship,Yang Yong-eun (2),2009
Wyndham Championship,Ryan Moore (1),2009
The Barclays,Heath Slocum (3),2009
Deutsche Bank Championship,Steve Stricker (7),2009
BMW Championship,Tiger Woods (71),2009
The Tour Championship,Phil Mickelson (37),2009
Turning Stone Resort Championship,Matt Kuchar (2),2009
Justin Timberlake Shriners Hospitals for Children Open,Martin Laird (1),2009
Frys.com Open,Troy Matteson (2),2009
Viking Classic,Canceled,2009
Children's Miracle Network Classic,Stephen Ames (4),2009
SBS Championship,Geoff Ogilvy (7),2010
Sony Open in Hawaii,Ryan Palmer (3),2010
Bob Hope Classic,Bill Haas (1),2010
Farmers Insurance Open,Ben Crane (3),2010
Northern Trust Open,Steve Stricker (8),2010
AT&T Pebble Beach National Pro-Am,Dustin Johnson (3),2010
WGC-Accenture Match Play Championship,Ian Poulter (1),2010
Mayakoba Golf Classic,Cameron Beckman (3),2010
Waste Management Phoenix Open,Hunter Mahan (2),2010
The Honda Classic,Camilo Villegas (3),2010
WGC-CA Championship,Ernie Els (17),2010
Puerto Rico Open,Derek Lamely (1),2010
Transitions Championship,Jim Furyk (14),2010
Arnold Palmer Invitational,Ernie Els (18),2010
Shell Houston Open,Anthony Kim (3),2010
Masters Tournament,Phil Mickelson (38),2010
Verizon Heritage,Jim Furyk (15),2010
Zurich Classic of New Orleans,Jason Bohn (2),2010
Quail Hollow Championship,Rory McIlroy (1),2010
The Players Championship,Tim Clark (1),2010
Valero Texas Open,Adam Scott (7),2010
HP Byron Nelson Championship,Jason Day (1),2010
Crowne Plaza Invitational at Colonial,Zach Johnson (7),2010
Memorial Tournament,Justin Rose (1),2010
St. Jude Classic,Lee Westwood (2),2010
U.S. Open,Graeme McDowell (1),2010
Travelers Championship,Bubba Watson (1),2010
AT&T National,Justin Rose (2),2010
John Deere Classic,Steve Stricker (9),2010
The Open Championship,Louis Oosthuizen (1),2010
Reno–Tahoe Open,Matt Bettencourt (1),2010
RBC Canadian Open,Carl Pettersson (4),2010
Greenbrier Classic,Stuart Appleby (9),2010
WGC-Bridgestone Invitational,Hunter Mahan (3),2010
Turning Stone Resort Championship,Bill Lunde (1),2010
PGA Championship,Martin Kaymer (1),2010
Wyndham Championship,Arjun Atwal (1),2010
The Barclays,Matt Kuchar (3),2010
Deutsche Bank Championship,Charley Hoffman (2),2010
BMW Championship,Dustin Johnson (4),2010
The Tour Championship,Jim Furyk (16),2010
Viking Classic,Bill Haas (2),2010
McGladrey Classic,Heath Slocum (4),2010
Frys.com Open,Rocco Mediate (6),2010
Justin Timberlake Shriners Hospitals for Children Open,Jonathan Byrd (4),2010
Children's Miracle Network Classic,Robert Garrigus (1),2010
Hyundai Tournament of Champions,Jonathan Byrd (5),2011
Sony Open in Hawaii,Mark Wilson (3),2011
Bob Hope Classic,Jhonattan Vegas (1),2011
Farmers Insurance Open,Bubba Watson (2),2011
Waste Management Phoenix Open,Mark Wilson (4),2011
AT&T Pebble Beach National Pro-Am,D. A. Points (1),2011
Northern Trust Open,Aaron Baddeley (3),2011
WGC-Accenture Match Play Championship,Luke Donald (3),2011
Mayakoba Golf Classic,Johnson Wagner (2),2011
The Honda Classic,Rory Sabbatini (6),2011
WGC-Cadillac Championship,Nick Watney (3),2011
Puerto Rico Open,Michael Bradley (4),2011
Transitions Championship,Gary Woodland (1),2011
Arnold Palmer Invitational,Martin Laird (2),2011
Shell Houston Open,Phil Mickelson (39),2011
Masters Tournament,Charl Schwartzel (1),2011
Valero Texas Open,Brendan Steele (1),2011
The Heritage,Brandt Snedeker (2),2011
Zurich Classic of New Orleans,Bubba Watson (3),2011
Wells Fargo Championship,Lucas Glover (3),2011
The Players Championship,K. J. Choi (8),2011
Crowne Plaza Invitational at Colonial,David Toms (13),2011
HP Byron Nelson Championship,Keegan Bradley (1),2011
Memorial Tournament,Steve Stricker (10),2011
FedEx St. Jude Classic,Harrison Frazar (1),2011
U.S. Open,Rory McIlroy (2),2011
Travelers Championship,Freddie Jacobson (1),2011
AT&T National,Nick Watney (4),2011
John Deere Classic,Steve Stricker (11),2011
The Open Championship,Darren Clarke (3),2011
Viking Classic,Chris Kirk (1),2011
RBC Canadian Open,Sean O'Hair (4),2011
Greenbrier Classic,Scott Stallings (1),2011
WGC-Bridgestone Invitational,Adam Scott (8),2011
Reno–Tahoe Open,Scott Piercy (1),2011
PGA Championship,Keegan Bradley (2),2011
Wyndham Championship,Webb Simpson (1),2011
The Barclays,Dustin Johnson (5),2011
Deutsche Bank Championship,Webb Simpson (2),2011
BMW Championship,Justin Rose (3),2011
Tour Championship,Bill Haas (3),2011
Justin Timberlake Shriners Hospitals for Children Open,Kevin Na (1),2011
Frys.com Open,Bryce Molder (1),2011
McGladrey Classic,Ben Crane (4),2011
Children's Miracle Network Hospitals Classic,Luke Donald (4),2011
Hyundai Tournament of Champions,Steve Stricker (12),2012
Sony Open in Hawaii,Johnson Wagner (3),2012
Humana Challenge,Mark Wilson (5),2012
Farmers Insurance Open,Brandt Snedeker (3),2012
Waste Management Phoenix Open,Kyle Stanley (1),2012
AT&T Pebble Beach National Pro-Am,Phil Mickelson (40),2012
Northern Trust Open,Bill Haas (4),2012
WGC-Accenture Match Play Championship,Hunter Mahan (4),2012
Mayakoba Golf Classic,John Huh (1),2012
The Honda Classic,Rory McIlroy (3),2012
WGC-Cadillac Championship,Justin Rose (4),2012
Puerto Rico Open,George McNeill (2),2012
Transitions Championship,Luke Donald (5),2012
Arnold Palmer Invitational,Tiger Woods (72),2012
Shell Houston Open,Hunter Mahan (5),2012
Masters Tournament,Bubba Watson (4),2012
RBC Heritage,Carl Pettersson (5),2012
Valero Texas Open,Ben Curtis (4),2012
Zurich Classic of New Orleans,Jason Dufner (1),2012
Wells Fargo Championship,Rickie Fowler (1),2012
The Players Championship,Matt Kuchar (4),2012
HP Byron Nelson Championship,Jason Dufner (2),2012
Crowne Plaza Invitational at Colonial,Zach Johnson (8),2012
Memorial Tournament,Tiger Woods (73),2012
FedEx St. Jude Classic,Dustin Johnson (6),2012
U.S. Open,Webb Simpson (3),2012
Travelers Championship,Marc Leishman (1),2012
AT&T National,Tiger Woods (74),2012
Greenbrier Classic,Ted Potter Jr. (1),2012
John Deere Classic,Zach Johnson (9),2012
The Open Championship,Ernie Els (19),2012
True South Classic,Scott Stallings (2),2012
RBC Canadian Open,Scott Piercy (2),2012
WGC-Bridgestone Invitational,Keegan Bradley (3),2012
Reno–Tahoe Open,J. J. Henry (2),2012
PGA Championship,Rory McIlroy (4),2012
Wyndham Championship,Sergio García (8),2012
The Barclays,Nick Watney (5),2012
Deutsche Bank Championship,Rory McIlroy (5),2012
BMW Championship,Rory McIlroy (6),2012
Tour Championship,Brandt Snedeker (4),2012
Justin Timberlake Shriners Hospitals for Children Open,Ryan Moore (2),2012
Frys.com Open,Jonas Blixt (1),2012
McGladrey Classic,Tommy Gainey (1),2012
Children's Miracle Network Hospitals Classic,Charlie Beljan (1),2012
Hyundai Tournament of Champions,Dustin Johnson (7),2013
Sony Open in Hawaii,Russell Henley (1),2013
Humana Challenge,Brian Gay (4),2013
Farmers Insurance Open,Tiger Woods (75),2013
Waste Management Phoenix Open,Phil Mickelson (41),2013
AT&T Pebble Beach National Pro-Am,Brandt Snedeker (5),2013
Northern Trust Open,John Merrick (1),2013
WGC-Accenture Match Play Championship,Matt Kuchar (5),2013
The Honda Classic,Michael Thompson (1),2013
WGC-Cadillac Championship,Tiger Woods (76),2013
Puerto Rico Open,Scott Brown (1),2013
Tampa Bay Championship,Kevin Streelman (1),2013
Arnold Palmer Invitational,Tiger Woods (77),2013
Shell Houston Open,D. A. Points (2),2013
Valero Texas Open,Martin Laird (3),2013
Masters Tournament,Adam Scott (9),2013
RBC Heritage,Graeme McDowell (2),2013
Zurich Classic of New Orleans,Billy Horschel (1),2013
Wells Fargo Championship,Derek Ernst (1),2013
The Players Championship,Tiger Woods (78),2013
HP Byron Nelson Championship,Bae Sang-moon (1),2013
Crowne Plaza Invitational at Colonial,Boo Weekley (3),2013
Memorial Tournament,Matt Kuchar (6),2013
FedEx St. Jude Classic,Harris English (1),2013
U.S. Open,Justin Rose (5),2013
Travelers Championship,Ken Duke (1),2013
AT&T National,Bill Haas (5),2013
Greenbrier Classic,Jonas Blixt (2),2013
John Deere Classic,Jordan Spieth (1),2013
The Open Championship,Phil Mickelson (42),2013
Sanderson Farms Championship,Woody Austin (4),2013
RBC Canadian Open,Brandt Snedeker (6),2013
WGC-Bridgestone Invitational,Tiger Woods (79),2013
Reno–Tahoe Open,Gary Woodland (2),2013
PGA Championship,Jason Dufner (3),2013
Wyndham Championship,Patrick Reed (1),2013
The Barclays,Adam Scott (10),2013
Deutsche Bank Championship,Henrik Stenson (3),2013
BMW Championship,Zach Johnson (10),2013
Tour Championship,Henrik Stenson (4),2013
Frys.com Open,Jimmy Walker (1),2014
Shriners Hospitals for Children Open,Webb Simpson (4),2014
CIMB Classic,Ryan Moore (3),2014
WGC-HSBC Champions,Dustin Johnson (8),2014
McGladrey Classic,Chris Kirk (2),2014
OHL Classic at Mayakoba,Harris English (2),2014
Hyundai Tournament of Champions,Zach Johnson (11),2014
Sony Open in Hawaii,Jimmy Walker (2),2014
Humana Challenge,Patrick Reed (2),2014
Farmers Insurance Open,Scott Stallings (3),2014
Waste Management Phoenix Open,Kevin Stadler (1),2014
AT&T Pebble Beach National Pro-Am,Jimmy Walker (3),2014
Northern Trust Open,Bubba Watson (5),2014
WGC-Accenture Match Play Championship,Jason Day (2),2014
The Honda Classic,Russell Henley (2),2014
WGC-Cadillac Championship,Patrick Reed (3),2014
Puerto Rico Open,Chesson Hadley (1),2014
Valspar Championship,John Senden (2),2014
Arnold Palmer Invitational,Matt Every (1),2014
Valero Texas Open,Steven Bowditch (1),2014
Shell Houston Open,Matt Jones (1),2014
Masters Tournament,Bubba Watson (6),2014
RBC Heritage,Matt Kuchar (7),2014
Zurich Classic of New Orleans,Noh Seung-yul (1),2014
Wells Fargo Championship,J. B. Holmes (3),2014
The Players Championship,Martin Kaymer (2),2014
HP Byron Nelson Championship,Brendon Todd (1),2014
Crowne Plaza Invitational at Colonial,Adam Scott (11),2014
Memorial Tournament,Hideki Matsuyama (1),2014
FedEx St. Jude Classic,Ben Crane (5),2014
U.S. Open,Martin Kaymer (3),2014
Travelers Championship,Kevin Streelman (2),2014
Quicken Loans National,Justin Rose (6),2014
Greenbrier Classic,Ángel Cabrera (3),2014
John Deere Classic,Brian Harman (1),2014
The Open Championship,Rory McIlroy (7),2014
RBC Canadian Open,Tim Clark (2),2014
WGC-Bridgestone Invitational,Rory McIlroy (8),2014
Barracuda Championship,Geoff Ogilvy (8),2014
PGA Championship,Rory McIlroy (9),2014
Wyndham Championship,Camilo Villegas (4),2014
The Barclays,Hunter Mahan (6),2014
Deutsche Bank Championship,Chris Kirk (3),2014
BMW Championship,Billy Horschel (2),2014
Tour Championship,Billy Horschel (3),2014
Frys.com Open,Bae Sang-moon (2),2015
Shriners Hospitals for Children Open,Ben Martin (1),2015
McGladrey Classic,Robert Streb (1),2015
CIMB Classic,Ryan Moore (4),2015
WGC-HSBC Champions,Bubba Watson (7),2015
Sanderson Farms Championship,Nick Taylor (1),2015
OHL Classic at Mayakoba,Charley Hoffman (3),2015
Hyundai Tournament of Champions,Patrick Reed (4),2015
Sony Open in Hawaii,Jimmy Walker (4),2015
Humana Challenge,Bill Haas (6),2015
Waste Management Phoenix Open,Brooks Koepka (1),2015
Farmers Insurance Open,Jason Day (3),2015
AT&T Pebble Beach National Pro-Am,Brandt Snedeker (7),2015
Northern Trust Open,James Hahn (1),2015
The Honda Classic,Pádraig Harrington (6),2015
WGC-Cadillac Championship,Dustin Johnson (9),2015
Puerto Rico Open,Alex Čejka (1),2015
Valspar Championship,Jordan Spieth (2),2015
Arnold Palmer Invitational,Matt Every (2),2015
Valero Texas Open,Jimmy Walker (5),2015
Shell Houston Open,J. B. Holmes (4),2015
Masters Tournament,Jordan Spieth (3),2015
RBC Heritage,Jim Furyk (17),2015
Zurich Classic of New Orleans,Justin Rose (7),2015
WGC-Cadillac Match Play,Rory McIlroy (10),2015
The Players Championship,Rickie Fowler (2),2015
Wells Fargo Championship,Rory McIlroy (11),2015
Crowne Plaza Invitational at Colonial,Chris Kirk (4),2015
AT&T Byron Nelson,Steven Bowditch (2),2015
Memorial Tournament,David Lingmerth (1),2015
FedEx St. Jude Classic,Fabián Gómez (1),2015
U.S. Open,Jordan Spieth (4),2015
Travelers Championship,Bubba Watson (8),2015
Greenbrier Classic,Danny Lee (1),2015
John Deere Classic,Jordan Spieth (5),2015
Barbasol Championship,Scott Piercy (3),2015
The Open Championship,Zach Johnson (12),2015
RBC Canadian Open,Jason Day (4),2015
Quicken Loans National,Troy Merritt (1),2015
WGC-Bridgestone Invitational,Shane Lowry (1),2015
Barracuda Championship,J. J. Henry (3),2015
PGA Championship,Jason Day (5),2015
Wyndham Championship,Davis Love III (21),2015
The Barclays,Jason Day (6),2015
Deutsche Bank Championship,Rickie Fowler (3),2015
BMW Championship,Jason Day (7),2015
Tour Championship,Jordan Spieth (6),2015
Frys.com Open,Emiliano Grillo (1),2016
Shriners Hospitals for Children Open,Smylie Kaufman (1),2016
CIMB Classic,Justin Thomas (1),2016
WGC-HSBC Champions,Russell Knox (1),2016
Sanderson Farms Championship,Peter Malnati (1),2016
OHL Classic at Mayakoba,Graeme McDowell (3),2016
RSM Classic,Kevin Kisner (1),2016
Hyundai Tournament of Champions,Jordan Spieth (7),2016
Sony Open in Hawaii,Fabián Gómez (2),2016
CareerBuilder Challenge,Jason Dufner (4),2016
Farmers Insurance Open,Brandt Snedeker (8),2016
Waste Management Phoenix Open,Hideki Matsuyama (2),2016
AT&T Pebble Beach Pro-Am,Vaughn Taylor (3),2016
Northern Trust Open,Bubba Watson (9),2016
The Honda Classic,Adam Scott (12),2016
WGC-Cadillac Championship,Adam Scott (13),2016
Valspar Championship,Charl Schwartzel (2),2016
Arnold Palmer Invitational,Jason Day (8),2016
WGC-Dell Match Play,Jason Day (9),2016
Puerto Rico Open,Tony Finau (1),2016
Shell Houston Open,Jim Herman (1),2016
Masters Tournament,Danny Willett (1),2016
RBC Heritage,Branden Grace (1),2016
Valero Texas Open,Charley Hoffman (4),2016
Zurich Classic of New Orleans,Brian Stuard (1),2016
Wells Fargo Championship,James Hahn (2),2016
The Players Championship,Jason Day (10),2016
AT&T Byron Nelson,Sergio García (9),2016
Dean & DeLuca Invitational,Jordan Spieth (8),2016
Memorial Tournament,William McGirt (1),2016
FedEx St. Jude Classic,Daniel Berger (1),2016
U.S. Open,Dustin Johnson (10),2016
Quicken Loans National,Billy Hurley III (1),2016
WGC-Bridgestone Invitational,Dustin Johnson (11),2016
Barracuda Championship,Greg Chalmers (1),2016
Greenbrier Classic,Canceled,2016
The Open Championship,Henrik Stenson (5),2016
Barbasol Championship,Aaron Baddeley (4),2016
RBC Canadian Open,Jhonattan Vegas (2),2016
PGA Championship,Jimmy Walker (6),2016
Travelers Championship,Russell Knox (2),2016
John Deere Classic,Ryan Moore (5),2016
Wyndham Championship,Kim Si-woo (1),2016
The Barclays,Patrick Reed (5),2016
Deutsche Bank Championship,Rory McIlroy (12),2016
BMW Championship,Dustin Johnson (12),2016
Tour Championship,Rory McIlroy (13),2016
Safeway Open,Brendan Steele (2),2017
CIMB Classic,Justin Thomas (2),2017
WGC-HSBC Champions,Hideki Matsuyama (3),2017
Sanderson Farms Championship,Cody Gribble (1),2017
Shriners Hospitals for Children Open,Rod Pampling (3),2017
OHL Classic at Mayakoba,Pat Perez (2),2017
RSM Classic,Mackenzie Hughes (1),2017
SBS Tournament of Champions,Justin Thomas (3),2017
Sony Open in Hawaii,Justin Thomas (4),2017
CareerBuilder Challenge,Hudson Swafford (1),2017
Farmers Insurance Open,Jon Rahm (1),2017
Waste Management Phoenix Open,Hideki Matsuyama (4),2017
AT&T Pebble Beach Pro-Am,Jordan Spieth (9),2017
Genesis Open,Dustin Johnson (13),2017
The Honda Classic,Rickie Fowler (4),2017
WGC-Mexico Championship,Dustin Johnson (14),2017
Valspar Championship,Adam Hadwin (1),2017
Arnold Palmer Invitational,Marc Leishman (2),2017
WGC-Dell Technologies Match Play,Dustin Johnson (15),2017
Puerto Rico Open,D. A. Points (3),2017
Shell Houston Open,Russell Henley (3),2017
Masters Tournament,Sergio García (10),2017
RBC Heritage,Wesley Bryan (1),2017
Valero Texas Open,Kevin Chappell (1),2017
Zurich Classic of New Orleans,Jonas Blixt (3) and  Cameron Smith (1),2017
Wells Fargo Championship,Brian Harman (2),2017
The Players Championship,Kim Si-woo (2),2017
AT&T Byron Nelson,Billy Horschel (4),2017
Dean & DeLuca Invitational,Kevin Kisner (2),2017
Memorial Tournament,Jason Dufner (5),2017
FedEx St. Jude Classic,Daniel Berger (2),2017
U.S. Open,Brooks Koepka (2),2017
Travelers Championship,Jordan Spieth (10),2017
Quicken Loans National,Kyle Stanley (2),2017
Greenbrier Classic,Xander Schauffele (1),2017
John Deere Classic,Bryson DeChambeau (1),2017
The Open Championship,Jordan Spieth (11),2017
Barbasol Championship,Grayson Murray (1),2017
RBC Canadian Open,Jhonattan Vegas (3),2017
WGC-Bridgestone Invitational,Hideki Matsuyama (5),2017
Barracuda Championship,Chris Stroud (1),2017
PGA Championship,Justin Thomas (5),2017
Wyndham Championship,Henrik Stenson (6),2017
The Northern Trust,Dustin Johnson (16),2017
Dell Technologies Championship,Justin Thomas (6),2017
BMW Championship,Marc Leishman (3),2017
Tour Championship,Xander Schauffele (2),2017
Safeway Open,Brendan Steele (3),2018
CIMB Classic,Pat Perez (3),2018
CJ Cup,Justin Thomas (7),2018
WGC-HSBC Champions,Justin Rose (8),2018
Sanderson Farms Championship,Ryan Armour (1),2018
Shriners Hospitals for Children Open,Patrick Cantlay (1),2018
OHL Classic at Mayakoba,Patton Kizzire (1),2018
RSM Classic,Austin Cook (1),2018
Sentry Tournament of Champions,Dustin Johnson (17),2018
Sony Open in Hawaii,Patton Kizzire (2),2018
CareerBuilder Challenge,Jon Rahm (2),2018
Farmers Insurance Open,Jason Day (11),2018
Waste Management Phoenix Open,Gary Woodland (3),2018
AT&T Pebble Beach Pro-Am,Ted Potter Jr. (2),2018
Genesis Open,Bubba Watson (10),2018
The Honda Classic,Justin Thomas (8),2018
WGC-Mexico Championship,Phil Mickelson (43),2018
Valspar Championship,Paul Casey (2),2018
Arnold Palmer Invitational,Rory McIlroy (14),2018
WGC-Dell Technologies Match Play,Bubba Watson (11),2018
Corales Puntacana Resort and Club Championship,Brice Garnett (1),2018
Houston Open,Ian Poulter (3),2018
Masters Tournament,Patrick Reed (6),2018
RBC Heritage,Satoshi Kodaira (1),2018
Valero Texas Open,Andrew Landry (1),2018
Zurich Classic of New Orleans,Billy Horschel (5) and  Scott Piercy (4),2018
Wells Fargo Championship,Jason Day (12),2018
The Players Championship,Webb Simpson (5),2018
AT&T Byron Nelson,Aaron Wise (1),2018
Fort Worth Invitational,Justin Rose (9),2018
Memorial Tournament,Bryson DeChambeau (2),2018
FedEx St. Jude Classic,Dustin Johnson (18),2018
U.S. Open,Brooks Koepka (3),2018
Travelers Championship,Bubba Watson (12),2018
Quicken Loans National,Francesco Molinari (1),2018
A Military Tribute at The Greenbrier,Kevin Na (2),2018
John Deere Classic,Michael Kim (1),2018
The Open Championship,Francesco Molinari (2),2018
Barbasol Championship,Troy Merritt (2),2018
RBC Canadian Open,Dustin Johnson (19),2018
WGC-Bridgestone Invitational,Justin Thomas (9),2018
Barracuda Championship,Andrew Putnam (1),2018
PGA Championship,Brooks Koepka (4),2018
Wyndham Championship,Brandt Snedeker (9),2018
The Northern Trust,Bryson DeChambeau (3),2018
Dell Technologies Championship,Bryson DeChambeau (4),2018
BMW Championship,Keegan Bradley (4),2018
Tour Championship,Tiger Woods (80),2018
Safeway Open,Kevin Tway (1),2019
CIMB Classic,Marc Leishman (4),2019
CJ Cup,Brooks Koepka (5),2019
WGC-HSBC Champions,Xander Schauffele (3),2019
Sanderson Farms Championship,Cameron Champ (1),2019
Shriners Hospitals for Children Open,Bryson DeChambeau (5),2019
Mayakoba Golf Classic,Matt Kuchar (8),2019
RSM Classic,Charles Howell III (3),2019
Sentry Tournament of Champions,Xander Schauffele (4),2019
Sony Open in Hawaii,Matt Kuchar (9),2019
Desert Classic,Adam Long (1),2019
Farmers Insurance Open,Justin Rose (10),2019
Waste Management Phoenix Open,Rickie Fowler (5),2019
AT&T Pebble Beach Pro-Am,Phil Mickelson (44),2019
Genesis Open,J. B. Holmes (5),2019
WGC-Mexico Championship,Dustin Johnson (20),2019
Puerto Rico Open,Martin Trainer (1),2019
The Honda Classic,Keith Mitchell (1),2019
Arnold Palmer Invitational,Francesco Molinari (3),2019
The Players Championship,Rory McIlroy (15),2019
Valspar Championship,Paul Casey (3),2019
WGC-Dell Technologies Match Play,Kevin Kisner (3),2019
Corales Puntacana Resort and Club Championship,Graeme McDowell (4),2019
Valero Texas Open,Corey Conners (1),2019
Masters Tournament,Tiger Woods (81),2019
RBC Heritage,Pan Cheng-tsung (1),2019
Zurich Classic of New Orleans,Ryan Palmer (4) and  Jon Rahm (3),2019
Wells Fargo Championship,Max Homa (1),2019
AT&T Byron Nelson,Kang Sung-hoon (1),2019
PGA Championship,Brooks Koepka (6),2019
Charles Schwab Challenge,Kevin Na (3),2019
Memorial Tournament,Patrick Cantlay (2),2019
RBC Canadian Open,Rory McIlroy (16),2019
U.S. Open,Gary Woodland (4),2019
Travelers Championship,Chez Reavie (2),2019
Rocket Mortgage Classic,Nate Lashley (1),2019
3M Open,Matthew Wolff (1),2019
John Deere Classic,Dylan Frittelli (1),2019
The Open Championship,Shane Lowry (2),2019
Barbasol Championship,Jim Herman (2),2019
WGC-FedEx St. Jude Invitational,Brooks Koepka (7),2019
Barracuda Championship,Collin Morikawa (1),2019
Wyndham Championship,J. T. Poston (1),2019
The Northern Trust,Patrick Reed (7),2019
BMW Championship,Justin Thomas (10),2019
Tour Championship,Rory McIlroy (17),2019
A Military Tribute at The Greenbrier,Joaquín Niemann (1),2020
Sanderson Farms Championship,Sebastián Muñoz (1),2020
Safeway Open,Cameron Champ (2),2020
Shriners Hospitals for Children Open,Kevin Na (4),2020
Houston Open,Lanto Griffin (1),2020
CJ Cup,Justin Thomas (11),2020
Zozo Championship,Tiger Woods (82),2020
WGC-HSBC Champions,Rory McIlroy (18),2020
Bermuda Championship,Brendon Todd (2),2020
Mayakoba Golf Classic,Brendon Todd (3),2020
RSM Classic,Tyler Duncan (1),2020
Sentry Tournament of Champions,Justin Thomas (12),2020
Sony Open in Hawaii,Cameron Smith (2),2020
The American Express,Andrew Landry (2),2020
Farmers Insurance Open,Marc Leishman (5),2020
Waste Management Phoenix Open,Webb Simpson (6),2020
AT&T Pebble Beach Pro-Am,Nick Taylor (2),2020
Genesis Invitational,Adam Scott (14),2020
WGC-Mexico Championship,Patrick Reed (8),2020
Puerto Rico Open,Viktor Hovland (1),2020
The Honda Classic,Im Sung-jae (1),2020
Arnold Palmer Invitational,Tyrrell Hatton (1),2020
The Players Championship,Canceled after round one,2020
Valspar Championship,Canceled,2020
WGC-Dell Technologies Match Play,Canceled,2020
Corales Puntacana Resort and Club Championship,Postponed,2020
Valero Texas Open,Canceled,2020
Masters Tournament,Postponed,2020
Zurich Classic of New Orleans,Canceled,2020
Wells Fargo Championship,Canceled,2020
AT&T Byron Nelson,Canceled,2020
RBC Canadian Open,Canceled,2020
Charles Schwab Challenge,Daniel Berger (3),2020
U.S. Open,Postponed,2020
RBC Heritage,Webb Simpson (7),2020
Travelers Championship,Dustin Johnson (21),2020
Rocket Mortgage Classic,Bryson DeChambeau (6),2020
John Deere Classic,Canceled,2020
Workday Charity Open,Collin Morikawa (2),2020
The Open Championship,Canceled,2020
Barbasol Championship,Canceled,2020
Memorial Tournament,Jon Rahm (4),2020
3M Open,Michael Thompson (2),2020
WGC-FedEx St. Jude Invitational,Justin Thomas (13),2020
Barracuda Championship,Richy Werenski (1),2020
PGA Championship,Collin Morikawa (3),2020
Wyndham Championship,Jim Herman (3),2020
The Northern Trust,Dustin Johnson (22),2020
BMW Championship,Jon Rahm (5),2020
Tour Championship,Dustin Johnson (23),2020
Safeway Open,Stewart Cink (7),2021
U.S. Open,Bryson DeChambeau (7),2021
Corales Puntacana Resort and Club Championship,Hudson Swafford (2),2021
Sanderson Farms Championship,Sergio García (11),2021
Shriners Hospitals for Children Open,Martin Laird (4),2021
CJ Cup,Jason Kokrak (1),2021
Zozo Championship,Patrick Cantlay (3),2021
WGC-HSBC Champions,Canceled,2021
Bermuda Championship,Brian Gay (5),2021
Vivint Houston Open,Carlos Ortiz (1),2021
Masters Tournament,Dustin Johnson (24),2021
RSM Classic,Robert Streb (2),2021
Mayakoba Golf Classic,Viktor Hovland (2),2021
Sentry Tournament of Champions,Harris English (3),2021
Sony Open in Hawaii,Kevin Na (5),2021
The American Express,Kim Si-woo (3),2021
Farmers Insurance Open,Patrick Reed (9),2021
Waste Management Phoenix Open,Brooks Koepka (8),2021
AT&T Pebble Beach Pro-Am,Daniel Berger (4),2021
Genesis Invitational,Max Homa (2),2021
WGC-Workday Championship,Collin Morikawa (4),2021
Puerto Rico Open,Branden Grace (2),2021
Arnold Palmer Invitational,Bryson DeChambeau (8),2021
The Players Championship,Justin Thomas (14),2021
The Honda Classic,Matt Jones (2),2021
WGC-Dell Technologies Match Play,Billy Horschel (6),2021
Corales Puntacana Resort and Club Championship,Joel Dahmen (1),2021
Valero Texas Open,Jordan Spieth (12),2021
Masters Tournament,Hideki Matsuyama (6),2021
RBC Heritage,Stewart Cink (8),2021
Zurich Classic of New Orleans,Marc Leishman (6) and  Cameron Smith (3),2021
Valspar Championship,Sam Burns (1),2021
Wells Fargo Championship,Rory McIlroy (19),2021
AT&T Byron Nelson,Lee Kyoung-hoon (1),2021
PGA Championship,Phil Mickelson (45),2021
Charles Schwab Challenge,Jason Kokrak (2),2021
Memorial Tournament,Patrick Cantlay (4),2021
RBC Canadian Open,Canceled,2021
Palmetto Championship,Garrick Higgo (1),2021
U.S. Open,Jon Rahm (6),2021
Travelers Championship,Harris English (4),2021
Rocket Mortgage Classic,Cameron Davis (1),2021
John Deere Classic,Lucas Glover (4),2021
The Open Championship,Collin Morikawa (5),2021
Barbasol Championship,Séamus Power (1),2021
3M Open,Cameron Champ (3),2021
WGC-FedEx St. Jude Invitational,Abraham Ancer (1),2021
Barracuda Championship,Erik van Rooyen (1),2021
Wyndham Championship,Kevin Kisner (4),2021
The Northern Trust,Tony Finau (2),2021
BMW Championship,Patrick Cantlay (5),2021
Tour Championship,Patrick Cantlay (6),2021
Fortinet Championship,Max Homa (3),2022
Sanderson Farms Championship,Sam Burns (2),2022
Shriners Children's Open,Im Sung-jae (2),2022
CJ Cup,Rory McIlroy (20),2022
Zozo Championship,Hideki Matsuyama (7),2022
WGC-HSBC Champions,Canceled,2022
Butterfield Bermuda Championship,Lucas Herbert (1),2022
World Wide Technology Championship,Viktor Hovland (3),2022
Hewlett Packard Enterprise Houston Open,Jason Kokrak (3),2022
RSM Classic,Talor Gooch (1),2022
Sentry Tournament of Champions,Cameron Smith (4),2022
Sony Open in Hawaii,Hideki Matsuyama (8),2022
The American Express,Hudson Swafford (3),2022
Farmers Insurance Open,Luke List (1),2022
AT&T Pebble Beach Pro-Am,Tom Hoge (1),2022
WM Phoenix Open,Scottie Scheffler (1),2022
Genesis Invitational,Joaquín Niemann (2),2022
The Honda Classic,Sepp Straka (1),2022
Arnold Palmer Invitational,Scottie Scheffler (2),2022
Puerto Rico Open,Ryan Brehm (1),2022
The Players Championship,Cameron Smith (5),2022
Valspar Championship,Sam Burns (3),2022
WGC-Dell Technologies Match Play,Scottie Scheffler (3),2022
Corales Puntacana Championship,Chad Ramey (1),2022
Valero Texas Open,J. J. Spaun (1),2022
Masters Tournament,Scottie Scheffler (4),2022
RBC Heritage,Jordan Spieth (13),2022
Zurich Classic of New Orleans,Patrick Cantlay (7) and  Xander Schauffele (5),2022
Mexico Open,Jon Rahm (7),2022
Wells Fargo Championship,Max Homa (4),2022
AT&T Byron Nelson,Lee Kyoung-hoon (2),2022
PGA Championship,Justin Thomas (15),2022
Charles Schwab Challenge,Sam Burns (4),2022
Memorial Tournament,Billy Horschel (7),2022
RBC Canadian Open,Rory McIlroy (21),2022
U.S. Open,Matt Fitzpatrick (1),2022
Travelers Championship,Xander Schauffele (6),2022
John Deere Classic,J. T. Poston (2),2022
Genesis Scottish Open,Xander Schauffele (7),2022
Barbasol Championship,Trey Mullinax (1),2022
The Open Championship,Cameron Smith (6),2022
Barracuda Championship,Chez Reavie (3),2022
3M Open,Tony Finau (3),2022
Rocket Mortgage Classic,Tony Finau (4),2022
Wyndham Championship,Tom Kim (1),2022
FedEx St. Jude Championship,Will Zalatoris (1),2022
BMW Championship,Patrick Cantlay (8),2022
Tour Championship,Rory McIlroy (22),2022
Fortinet Championship,Max Homa (5),2023
Sanderson Farms Championship,Mackenzie Hughes (2),2023
Shriners Children's Open,Tom Kim (2),2023
Zozo Championship,Keegan Bradley (5),2023
CJ Cup,Rory McIlroy (23),2023
WGC-HSBC Champions,Canceled,2023
Butterfield Bermuda Championship,Séamus Power (2),2023
World Wide Technology Championship,Russell Henley (4),2023
Cadence Bank Houston Open,Tony Finau (5),2023
RSM Classic,Adam Svensson (1),2023
Sentry Tournament of Champions,Jon Rahm (8),2023
Sony Open in Hawaii,Kim Si-woo (4),2023
The American Express,Jon Rahm (9),2023
Farmers Insurance Open,Max Homa (6),2023
AT&T Pebble Beach Pro-Am,Justin Rose (11),2023
WM Phoenix Open,Scottie Scheffler (5),2023
Genesis Invitational,Jon Rahm (10),2023
The Honda Classic,Chris Kirk (5),2023
Arnold Palmer Invitational,Kurt Kitayama (1),2023
Puerto Rico Open,Nico Echavarría (1),2023
The Players Championship,Scottie Scheffler (6),2023
Valspar Championship,Taylor Moore (1),2023
WGC-Dell Technologies Match Play,Sam Burns (5),2023
Corales Puntacana Championship,Matt Wallace (1),2023
Valero Texas Open,Corey Conners (2),2023
Masters Tournament,Jon Rahm (11),2023
RBC Heritage,Matt Fitzpatrick (2),2023
Zurich Classic of New Orleans,Nick Hardy (1) and  Davis Riley (1),2023
Mexico Open,Tony Finau (6),2023
Wells Fargo Championship,Wyndham Clark (1),2023
AT&T Byron Nelson,Jason Day (13),2023
PGA Championship,Brooks Koepka (9),2023
Charles Schwab Challenge,Emiliano Grillo (2),2023
Memorial Tournament,Viktor Hovland (4),2023
RBC Canadian Open,Nick Taylor (3),2023
U.S. Open,Wyndham Clark (2),2023
Travelers Championship,Keegan Bradley (6),2023
Rocket Mortgage Classic,Rickie Fowler (6),2023
John Deere Classic,Sepp Straka (2),2023
Genesis Scottish Open,Rory McIlroy (24),2023
Barbasol Championship,Vincent Norrman (1),2023
The Open Championship,Brian Harman (3),2023
Barracuda Championship,Akshay Bhatia (1),2023
3M Open,Lee Hodges (1),2023
Wyndham Championship,Lucas Glover (5),2023
FedEx St. Jude Championship,Lucas Glover (6),2023
BMW Championship,Viktor Hovland (5),2023
Tour Championship,Viktor Hovland (6),2023
Fortinet Championship,Sahith Theegala (1),2023
Sanderson Farms Championship,Luke List (2),2023
Shriners Children's Open,Tom Kim (3),2023
Zozo Championship,Collin Morikawa (6),2023
World Wide Technology Championship,Erik van Rooyen (2),2023
Butterfield Bermuda Championship,Camilo Villegas (5),2023
RSM Classic,Ludvig Åberg (1),2023
The Sentry,Chris Kirk (6),2024
Sony Open in Hawaii,Grayson Murray (2),2024
The American Express,Nick Dunlap (a) (1),2024
Farmers Insurance Open,Matthieu Pavon (1),2024
AT&T Pebble Beach Pro-Am,Wyndham Clark (3),2024
WM Phoenix Open,Nick Taylor (4),2024
Genesis Invitational,Hideki Matsuyama (9),2024
Mexico Open,Jake Knapp (1),2024
Cognizant Classic,Austin Eckroat (1),2024
Arnold Palmer Invitational,Scottie Scheffler (7),2024
Puerto Rico Open,Brice Garnett (2),2024
The Players Championship,Scottie Scheffler (8),2024
Valspar Championship,Peter Malnati (2),2024
Texas Children's Houston Open,Stephan Jäger (1),2024
Valero Texas Open,Akshay Bhatia (2),2024
Masters Tournament,Scottie Scheffler (9),2024
Corales Puntacana Championship,Billy Horschel (8),2024
RBC Heritage,Scottie Scheffler (10),2024
Zurich Classic of New Orleans,Shane Lowry (3) and  Rory McIlroy (25),2024
CJ Cup Byron Nelson,Taylor Pendrith (1),2024
Wells Fargo Championship,Rory McIlroy (26),2024
Myrtle Beach Classic,Chris Gotterup (1),2024
PGA Championship,Xander Schauffele (8),2024
Charles Schwab Challenge,Davis Riley (2),2024
RBC Canadian Open,Robert MacIntyre (1),2024
Memorial Tournament,Scottie Scheffler (11),2024
U.S. Open,Bryson DeChambeau (9),2024
Travelers Championship,Scottie Scheffler (12),2024
Rocket Mortgage Classic,Cameron Davis (2),2024
John Deere Classic,Davis Thompson (1),2024
Genesis Scottish Open,Robert MacIntyre (2),2024
ISCO Championship,Harry Hall (1),2024
The Open Championship,Xander Schauffele (9),2024
Barracuda Championship,Nick Dunlap (2),2024
3M Open,Jhonattan Vegas (4),2024
Wyndham Championship,Aaron Rai (1),2024
FedEx St. Jude Championship,Hideki Matsuyama (10),2024
BMW Championship,Keegan Bradley (7),2024
Tour Championship,Scottie Scheffler (13),2024
Procore Championship,Patton Kizzire (3),2024
Sanderson Farms Championship,Kevin Yu (1),2024
Black Desert Championship,Matt McCarty (1),2024
Shriners Children's Open,J. T. Poston (3),2024
Zozo Championship,Nico Echavarría (2),2024
World Wide Technology Championship,Austin Eckroat (2),2024
Butterfield Bermuda Championship,Rafael Campos (1),2024
RSM Classic,Maverick McNealy (1),2024
The Sentry,Hideki Matsuyama (11),2025
Sony Open in Hawaii,Nick Taylor (5),2025
The American Express,Sepp Straka (3),2025
Farmers Insurance Open,Harris English (5),2025
AT&T Pebble Beach Pro-Am,Rory McIlroy (27),2025
WM Phoenix Open,Thomas Detry (1),2025
Genesis Invitational,Ludvig Åberg (2),2025
Mexico Open,Brian Campbell (1),2025
Cognizant Classic,Joe Highsmith (1),2025
Arnold Palmer Invitational,Russell Henley (5),2025
Puerto Rico Open,Karl Vilips (1),2025
The Players Championship,Rory McIlroy (28),2025
Valspar Championship,Viktor Hovland (7),2025
Texas Children's Houston Open,Min Woo Lee (1),2025
Valero Texas Open,Brian Harman (4),2025
Masters Tournament,Rory McIlroy (29),2025
RBC Heritage,Justin Thomas (16),2025
Corales Puntacana Championship,Garrick Higgo (2),2025
Zurich Classic of New Orleans,Ben Griffin (1) and  Andrew Novak (1),2025
CJ Cup Byron Nelson,Scottie Scheffler (14),2025
Truist Championship,Sepp Straka (4),2025
Oneflight Myrtle Beach Classic,Ryan Fox (1),2025
PGA Championship,Scottie Scheffler (15),2025
Charles Schwab Challenge,Ben Griffin (2),2025
Memorial Tournament,Scottie Scheffler (16),2025
RBC Canadian Open,Ryan Fox (2),2025
U.S. Open,J. J. Spaun (2),2025
Travelers Championship,Keegan Bradley (8),2025
Rocket Classic,Aldrich Potgieter (1),2025
John Deere Classic,Brian Campbell (2),2025
Genesis Scottish Open,Chris Gotterup (2),2025
ISCO Championship,William Mouw (1),2025
The Open Championship,Scottie Scheffler (17),2025
Barracuda Championship,Ryan Gerard (1),2025
3M Open,Kurt Kitayama (2),2025
Wyndham Championship,Cameron Young (1),2025
FedEx St. Jude Championship,Justin Rose (12),2025
BMW Championship,Scottie Scheffler (18),2025
Tour Championship,Tommy Fleetwood (1),2025
Procore Championship,Scottie Scheffler (19),2025
Sanderson Farms Championship,Steven Fisk (1),2025
Baycurrent Classic,Xander Schauffele (10),2025
Bank of Utah Championship,Michael Brennan (1),2025
World Wide Technology Championship,Ben Griffin (3),2025
Butterfield Bermuda Championship,Adam Schenk (1),2025
RSM Classic,Sami Välimäki (1),2025
The Sentry,Canceled,2026
Sony Open in Hawaii,Chris Gotterup (3),2026
The American Express,Scottie Scheffler (20),2026
Farmers Insurance Open,Justin Rose (13),2026
WM Phoenix Open,Chris Gotterup (4),2026
AT&T Pebble Beach Pro-Am,Collin Morikawa (7),2026
Genesis Invitational,Jacob Bridgeman (1),2026
Cognizant Classic,Nico Echavarría (3),2026
Arnold Palmer Invitational,Akshay Bhatia (3),2026
Puerto Rico Open,Ricky Castillo (1),2026
The Players Championship,Cameron Young (2),2026
Valspar Championship,Matt Fitzpatrick (3),2026
Texas Children's Houston Open,Gary Woodland (5),2026
Valero Texas Open,J. J. Spaun (3),2026
Masters Tournament,Rory McIlroy (30),2026
RBC Heritage,Matt Fitzpatrick (4),2026
Zurich Classic of New Orleans,Alex Fitzpatrick (1) and  Matt Fitzpatrick (5),2026
Cadillac Championship,Cameron Young (3),2026
